id;property_id;name;created_by;created_at;floorplan_id
3c1a4c1c-374b-414c-937b-4eb3e60bb9a7;246cfd8c-7c95-41c2-b52c-a01dbfc900cd;A;4308fad3-f271-48d8-8b98-73b7f002356f;2025-11-01 19:26:26.791372+00;eebeacdd-4a67-4c95-8c02-c328b623e56d
eb93268e-d707-44a3-8f9d-aab25b8466f5;246cfd8c-7c95-41c2-b52c-a01dbfc900cd;B;4308fad3-f271-48d8-8b98-73b7f002356f;2025-11-01 19:26:26.791372+00;eebeacdd-4a67-4c95-8c02-c328b623e56d
736ced87-7404-4d37-b3bf-e1fcd0e3ae96;246cfd8c-7c95-41c2-b52c-a01dbfc900cd;C;4308fad3-f271-48d8-8b98-73b7f002356f;2025-11-01 19:26:26.791372+00;eebeacdd-4a67-4c95-8c02-c328b623e56d
9c2c5750-235c-434d-bc6f-014735eeb594;246cfd8c-7c95-41c2-b52c-a01dbfc900cd;D;4308fad3-f271-48d8-8b98-73b7f002356f;2025-11-01 19:26:26.791372+00;eebeacdd-4a67-4c95-8c02-c328b623e56d
2ea68e94-cfff-405f-9bd7-335b526ff35a;105d87f5-973f-4438-b404-9998a2e277e0;1;4308fad3-f271-48d8-8b98-73b7f002356f;2025-11-01 19:26:27.18323+00;eebeacdd-4a67-4c95-8c02-c328b623e56d
8c34b50c-77a7-45c6-81a0-e46186512eab;105d87f5-973f-4438-b404-9998a2e277e0;2;4308fad3-f271-48d8-8b98-73b7f002356f;2025-11-01 19:26:27.18323+00;eebeacdd-4a67-4c95-8c02-c328b623e56d
b6da67ea-196f-46f9-831b-dcbc287c8f4d;105d87f5-973f-4438-b404-9998a2e277e0;101;4308fad3-f271-48d8-8b98-73b7f002356f;2025-11-01 19:26:27.18323+00;eebeacdd-4a67-4c95-8c02-c328b623e56d
a7585c36-ac7e-4baa-9044-82ed35ec7dec;105d87f5-973f-4438-b404-9998a2e277e0;102;4308fad3-f271-48d8-8b98-73b7f002356f;2025-11-01 19:26:27.18323+00;eebeacdd-4a67-4c95-8c02-c328b623e56d
3e0f0ec6-ef88-4680-9dd6-2a4d2a8c2fc2;105d87f5-973f-4438-b404-9998a2e277e0;201;4308fad3-f271-48d8-8b98-73b7f002356f;2025-11-01 19:26:27.18323+00;eebeacdd-4a67-4c95-8c02-c328b623e56d
24aa1b3f-f328-4c08-a5a3-07f5d8f24ed5;105d87f5-973f-4438-b404-9998a2e277e0;202;4308fad3-f271-48d8-8b98-73b7f002356f;2025-11-01 19:26:27.18323+00;eebeacdd-4a67-4c95-8c02-c328b623e56d
39b53172-4ed9-4dda-a76f-1514a5cfa8aa;5c003f17-29e1-442b-8738-3a85f803c465;1;4308fad3-f271-48d8-8b98-73b7f002356f;2025-11-01 19:26:27.59364+00;b2d56572-1486-4ba0-9a10-f2f270082895
21775296-0da8-43e7-96c4-b40ed68591f7;5c003f17-29e1-442b-8738-3a85f803c465;101;4308fad3-f271-48d8-8b98-73b7f002356f;2025-11-01 19:26:27.59364+00;b2d56572-1486-4ba0-9a10-f2f270082895
bb191410-2bde-4fad-8ed5-220cde09be9b;5c003f17-29e1-442b-8738-3a85f803c465;102;4308fad3-f271-48d8-8b98-73b7f002356f;2025-11-01 19:26:27.59364+00;b2d56572-1486-4ba0-9a10-f2f270082895
a03a8a5a-5d94-4f38-90e8-4c317da221b8;5c003f17-29e1-442b-8738-3a85f803c465;201;4308fad3-f271-48d8-8b98-73b7f002356f;2025-11-01 19:26:27.59364+00;b2d56572-1486-4ba0-9a10-f2f270082895
52ba74b5-2a8c-4fb4-bdc9-26568dc69045;5c003f17-29e1-442b-8738-3a85f803c465;202;4308fad3-f271-48d8-8b98-73b7f002356f;2025-11-01 19:26:27.59364+00;b2d56572-1486-4ba0-9a10-f2f270082895
9775ee2a-2418-4f67-af64-c3c368cab00c;2de3704d-0851-4d74-a2d1-433cdd5af882;801;4308fad3-f271-48d8-8b98-73b7f002356f;2025-11-01 19:26:27.986142+00;eebeacdd-4a67-4c95-8c02-c328b623e56d
537b7ab8-24b7-4b57-a404-9156864067c5;2de3704d-0851-4d74-a2d1-433cdd5af882;803;4308fad3-f271-48d8-8b98-73b7f002356f;2025-11-01 19:26:27.986142+00;b2d56572-1486-4ba0-9a10-f2f270082895
0893f94d-0a8f-4558-9d86-be863c8e33b2;006c5a07-7c5f-4740-afb9-8a97837c0522;A;4308fad3-f271-48d8-8b98-73b7f002356f;2025-11-01 19:26:28.38069+00;59bd16c4-9e65-4cf5-afcf-a4484733f43a
844b4880-6c06-4366-a224-b23a3fabbea1;006c5a07-7c5f-4740-afb9-8a97837c0522;B;4308fad3-f271-48d8-8b98-73b7f002356f;2025-11-01 19:26:28.38069+00;59bd16c4-9e65-4cf5-afcf-a4484733f43a
9cf2eabd-a616-416b-907d-89cb6dc704af;428cf6b1-185d-464e-a67c-41e93c9a63c9;1;4308fad3-f271-48d8-8b98-73b7f002356f;2025-11-01 19:26:28.78078+00;eebeacdd-4a67-4c95-8c02-c328b623e56d
75858415-acff-48c5-8787-ce05bdc8ee8e;428cf6b1-185d-464e-a67c-41e93c9a63c9;2;4308fad3-f271-48d8-8b98-73b7f002356f;2025-11-01 19:26:28.78078+00;b2d56572-1486-4ba0-9a10-f2f270082895
f1519550-921b-4ca2-a4b1-5c680c09b771;428cf6b1-185d-464e-a67c-41e93c9a63c9;3;4308fad3-f271-48d8-8b98-73b7f002356f;2025-11-01 19:26:28.78078+00;eebeacdd-4a67-4c95-8c02-c328b623e56d
ec3e8d05-9392-451d-af97-0cb12cb19b49;428cf6b1-185d-464e-a67c-41e93c9a63c9;4;4308fad3-f271-48d8-8b98-73b7f002356f;2025-11-01 19:26:28.78078+00;b2d56572-1486-4ba0-9a10-f2f270082895
7b808038-62fa-4fcb-90d7-d3de43de3209;428cf6b1-185d-464e-a67c-41e93c9a63c9;5;4308fad3-f271-48d8-8b98-73b7f002356f;2025-11-01 19:26:28.78078+00;eebeacdd-4a67-4c95-8c02-c328b623e56d
32700b1e-244c-4297-9cfc-817de5e27b27;428cf6b1-185d-464e-a67c-41e93c9a63c9;6;4308fad3-f271-48d8-8b98-73b7f002356f;2025-11-01 19:26:28.78078+00;b2d56572-1486-4ba0-9a10-f2f270082895
3009fb8d-9137-4493-b7d1-878b5c416d4c;428cf6b1-185d-464e-a67c-41e93c9a63c9;7;4308fad3-f271-48d8-8b98-73b7f002356f;2025-11-01 19:26:28.78078+00;eebeacdd-4a67-4c95-8c02-c328b623e56d
3d8df283-fa4e-4512-85b5-b8a69660e15e;428cf6b1-185d-464e-a67c-41e93c9a63c9;8;4308fad3-f271-48d8-8b98-73b7f002356f;2025-11-01 19:26:28.78078+00;b2d56572-1486-4ba0-9a10-f2f270082895
02ee0847-c748-43f6-8232-4cb2e4eca7f4;428cf6b1-185d-464e-a67c-41e93c9a63c9;9;4308fad3-f271-48d8-8b98-73b7f002356f;2025-11-01 19:26:28.78078+00;eebeacdd-4a67-4c95-8c02-c328b623e56d
33c4c8d7-b236-4b15-8c97-be4b3cbb8446;428cf6b1-185d-464e-a67c-41e93c9a63c9;10;4308fad3-f271-48d8-8b98-73b7f002356f;2025-11-01 19:26:28.78078+00;b2d56572-1486-4ba0-9a10-f2f270082895
3fdee780-d64a-43fe-a8eb-ca97d1bb406e;428cf6b1-185d-464e-a67c-41e93c9a63c9;11;4308fad3-f271-48d8-8b98-73b7f002356f;2025-11-01 19:26:28.78078+00;eebeacdd-4a67-4c95-8c02-c328b623e56d
db907d3a-ec00-40c7-8b52-fc519d111563;428cf6b1-185d-464e-a67c-41e93c9a63c9;12;4308fad3-f271-48d8-8b98-73b7f002356f;2025-11-01 19:26:28.78078+00;b2d56572-1486-4ba0-9a10-f2f270082895
b1c251e6-62a6-46e8-ab6e-a1845c8ae910;428cf6b1-185d-464e-a67c-41e93c9a63c9;13;4308fad3-f271-48d8-8b98-73b7f002356f;2025-11-01 19:26:28.78078+00;eebeacdd-4a67-4c95-8c02-c328b623e56d
d121bbf9-937c-43ff-9b6e-78c1e9fdf474;428cf6b1-185d-464e-a67c-41e93c9a63c9;14;4308fad3-f271-48d8-8b98-73b7f002356f;2025-11-01 19:26:28.78078+00;b2d56572-1486-4ba0-9a10-f2f270082895
ec871f11-660f-4503-97ae-50be82d96227;428cf6b1-185d-464e-a67c-41e93c9a63c9;15;4308fad3-f271-48d8-8b98-73b7f002356f;2025-11-01 19:26:28.78078+00;eebeacdd-4a67-4c95-8c02-c328b623e56d
69dbca67-975c-468d-a532-cac7bf625a6b;428cf6b1-185d-464e-a67c-41e93c9a63c9;16;4308fad3-f271-48d8-8b98-73b7f002356f;2025-11-01 19:26:28.78078+00;b2d56572-1486-4ba0-9a10-f2f270082895
6544586b-eebe-4596-a2f2-8baf5caf8f38;428cf6b1-185d-464e-a67c-41e93c9a63c9;17;4308fad3-f271-48d8-8b98-73b7f002356f;2025-11-01 19:26:28.78078+00;eebeacdd-4a67-4c95-8c02-c328b623e56d
ba003175-c793-4fdc-aee2-11f870f6381e;428cf6b1-185d-464e-a67c-41e93c9a63c9;18;4308fad3-f271-48d8-8b98-73b7f002356f;2025-11-01 19:26:28.78078+00;b2d56572-1486-4ba0-9a10-f2f270082895
b73a0d57-b971-43f9-b3a1-f3363d2751cd;428cf6b1-185d-464e-a67c-41e93c9a63c9;19;4308fad3-f271-48d8-8b98-73b7f002356f;2025-11-01 19:26:28.78078+00;eebeacdd-4a67-4c95-8c02-c328b623e56d
3c8b2c38-cb26-4537-87ff-5ed694185fef;428cf6b1-185d-464e-a67c-41e93c9a63c9;20;4308fad3-f271-48d8-8b98-73b7f002356f;2025-11-01 19:26:28.78078+00;b2d56572-1486-4ba0-9a10-f2f270082895
23b96afe-c5d6-48d8-b13e-1933c352f5ca;428cf6b1-185d-464e-a67c-41e93c9a63c9;21;4308fad3-f271-48d8-8b98-73b7f002356f;2025-11-01 19:26:28.78078+00;eebeacdd-4a67-4c95-8c02-c328b623e56d
0fc6f097-eb98-4520-9555-150a924ce51c;428cf6b1-185d-464e-a67c-41e93c9a63c9;22;4308fad3-f271-48d8-8b98-73b7f002356f;2025-11-01 19:26:28.78078+00;b2d56572-1486-4ba0-9a10-f2f270082895
949e7063-2d1b-4b49-a353-65f05e0659d5;428cf6b1-185d-464e-a67c-41e93c9a63c9;23;4308fad3-f271-48d8-8b98-73b7f002356f;2025-11-01 19:26:28.78078+00;eebeacdd-4a67-4c95-8c02-c328b623e56d
96738953-fe59-494c-bef0-b6b4fc563e15;428cf6b1-185d-464e-a67c-41e93c9a63c9;24;4308fad3-f271-48d8-8b98-73b7f002356f;2025-11-01 19:26:28.78078+00;b2d56572-1486-4ba0-9a10-f2f270082895
3c122763-ae31-41c9-95c1-27800ef689bf;428cf6b1-185d-464e-a67c-41e93c9a63c9;25;4308fad3-f271-48d8-8b98-73b7f002356f;2025-11-01 19:26:28.78078+00;eebeacdd-4a67-4c95-8c02-c328b623e56d
f396d3e1-0017-4b4b-9b2c-7f800979bacc;428cf6b1-185d-464e-a67c-41e93c9a63c9;26;4308fad3-f271-48d8-8b98-73b7f002356f;2025-11-01 19:26:28.78078+00;b2d56572-1486-4ba0-9a10-f2f270082895
d5de24fa-444c-4f3e-a657-89e169c051e6;428cf6b1-185d-464e-a67c-41e93c9a63c9;27;4308fad3-f271-48d8-8b98-73b7f002356f;2025-11-01 19:26:28.78078+00;eebeacdd-4a67-4c95-8c02-c328b623e56d
9e6f3ad9-c4b9-44f5-9710-b1126940bfb3;428cf6b1-185d-464e-a67c-41e93c9a63c9;28;4308fad3-f271-48d8-8b98-73b7f002356f;2025-11-01 19:26:28.78078+00;b2d56572-1486-4ba0-9a10-f2f270082895
bf2a48fb-32d1-40d3-aee8-a9e49169752e;428cf6b1-185d-464e-a67c-41e93c9a63c9;29;4308fad3-f271-48d8-8b98-73b7f002356f;2025-11-01 19:26:28.78078+00;eebeacdd-4a67-4c95-8c02-c328b623e56d
97b4a7cb-9a21-447e-ad2b-22cc1a646868;428cf6b1-185d-464e-a67c-41e93c9a63c9;30;4308fad3-f271-48d8-8b98-73b7f002356f;2025-11-01 19:26:28.78078+00;b2d56572-1486-4ba0-9a10-f2f270082895
0666b14e-cc50-475d-a5bc-63cd71dc3344;428cf6b1-185d-464e-a67c-41e93c9a63c9;31;4308fad3-f271-48d8-8b98-73b7f002356f;2025-11-01 19:26:28.78078+00;eebeacdd-4a67-4c95-8c02-c328b623e56d
c33ad53a-9e01-4fed-815e-aa1d88bb523a;428cf6b1-185d-464e-a67c-41e93c9a63c9;32;4308fad3-f271-48d8-8b98-73b7f002356f;2025-11-01 19:26:28.78078+00;b2d56572-1486-4ba0-9a10-f2f270082895
d4201f81-c828-4417-b4cf-93cd51d31299;428cf6b1-185d-464e-a67c-41e93c9a63c9;33;4308fad3-f271-48d8-8b98-73b7f002356f;2025-11-01 19:26:28.78078+00;eebeacdd-4a67-4c95-8c02-c328b623e56d
aef037fe-0599-4358-90c4-da806543c2cb;428cf6b1-185d-464e-a67c-41e93c9a63c9;34;4308fad3-f271-48d8-8b98-73b7f002356f;2025-11-01 19:26:28.78078+00;b2d56572-1486-4ba0-9a10-f2f270082895
ba785735-8c95-4b7e-9a9b-29c975546290;428cf6b1-185d-464e-a67c-41e93c9a63c9;35;4308fad3-f271-48d8-8b98-73b7f002356f;2025-11-01 19:26:28.78078+00;eebeacdd-4a67-4c95-8c02-c328b623e56d
e853a77e-92d5-49af-ab3f-d11b27eb51cc;428cf6b1-185d-464e-a67c-41e93c9a63c9;36;4308fad3-f271-48d8-8b98-73b7f002356f;2025-11-01 19:26:28.78078+00;b2d56572-1486-4ba0-9a10-f2f270082895
8af59449-bb0b-4bf9-9b84-7c85eb0fc9fd;f585cc9b-2be0-49fb-a287-6b2b14184752;2600D;4308fad3-f271-48d8-8b98-73b7f002356f;2025-11-01 19:26:29.238109+00;0ea095e9-4723-4691-b58c-c658b449912c
9db697f1-f350-472d-bb31-b912e8877e41;f585cc9b-2be0-49fb-a287-6b2b14184752;2601D;4308fad3-f271-48d8-8b98-73b7f002356f;2025-11-01 19:26:29.238109+00;a882d07f-eeda-4a00-9f0a-c2c34ee227b6
ffb37e10-d8a1-4719-a6ba-e4d4d61013d0;f585cc9b-2be0-49fb-a287-6b2b14184752;2601F;4308fad3-f271-48d8-8b98-73b7f002356f;2025-11-01 19:26:29.238109+00;0ea095e9-4723-4691-b58c-c658b449912c
0ccaf2d0-ddb0-4887-b077-428b60c8d94d;f585cc9b-2be0-49fb-a287-6b2b14184752;2602D;4308fad3-f271-48d8-8b98-73b7f002356f;2025-11-01 19:26:29.238109+00;0ea095e9-4723-4691-b58c-c658b449912c
33cc6976-a3c2-4b73-8aea-d787d70a1f22;f585cc9b-2be0-49fb-a287-6b2b14184752;2603D;4308fad3-f271-48d8-8b98-73b7f002356f;2025-11-01 19:26:29.238109+00;a882d07f-eeda-4a00-9f0a-c2c34ee227b6
e37cf1d5-dddf-4d69-807e-10d0d23fb0b9;f585cc9b-2be0-49fb-a287-6b2b14184752;2603F;4308fad3-f271-48d8-8b98-73b7f002356f;2025-11-01 19:26:29.238109+00;0ea095e9-4723-4691-b58c-c658b449912c
8f6dea4a-c59f-4887-b497-a27070eabc56;f585cc9b-2be0-49fb-a287-6b2b14184752;2604D;4308fad3-f271-48d8-8b98-73b7f002356f;2025-11-01 19:26:29.238109+00;0ea095e9-4723-4691-b58c-c658b449912c
4bde8622-cf61-492d-abf8-539c121fb737;f585cc9b-2be0-49fb-a287-6b2b14184752;2605D;4308fad3-f271-48d8-8b98-73b7f002356f;2025-11-01 19:26:29.238109+00;a882d07f-eeda-4a00-9f0a-c2c34ee227b6
b0d9d449-034c-49ea-bad7-2e77e1722bda;f585cc9b-2be0-49fb-a287-6b2b14184752;2605F;4308fad3-f271-48d8-8b98-73b7f002356f;2025-11-01 19:26:29.238109+00;0ea095e9-4723-4691-b58c-c658b449912c
4ca4ab39-866e-4322-8d5c-781c85ddd6b6;f585cc9b-2be0-49fb-a287-6b2b14184752;2606D;4308fad3-f271-48d8-8b98-73b7f002356f;2025-11-01 19:26:29.238109+00;0ea095e9-4723-4691-b58c-c658b449912c
46445aa5-71f1-45fc-91c4-f15b26c11f51;f585cc9b-2be0-49fb-a287-6b2b14184752;2607D;4308fad3-f271-48d8-8b98-73b7f002356f;2025-11-01 19:26:29.238109+00;88847d4e-a5d1-4d59-a90f-237c7e06cb2b
2da1a172-3188-4ea2-8985-fc5a11c0cc10;f585cc9b-2be0-49fb-a287-6b2b14184752;2607F;4308fad3-f271-48d8-8b98-73b7f002356f;2025-11-01 19:26:29.238109+00;0ea095e9-4723-4691-b58c-c658b449912c
2ff717d0-bb7a-4598-b874-3132bd309548;f585cc9b-2be0-49fb-a287-6b2b14184752;2608D;4308fad3-f271-48d8-8b98-73b7f002356f;2025-11-01 19:26:29.238109+00;0ea095e9-4723-4691-b58c-c658b449912c
08566e56-1476-46c2-a57c-d2a1c45215e5;f585cc9b-2be0-49fb-a287-6b2b14184752;2609D;4308fad3-f271-48d8-8b98-73b7f002356f;2025-11-01 19:26:29.238109+00;a882d07f-eeda-4a00-9f0a-c2c34ee227b6
22703e27-da2c-4831-be03-3108a3954ecf;f585cc9b-2be0-49fb-a287-6b2b14184752;2609F;4308fad3-f271-48d8-8b98-73b7f002356f;2025-11-01 19:26:29.238109+00;0ea095e9-4723-4691-b58c-c658b449912c
0e60aed9-d185-4679-b0c9-1ec50485749d;f585cc9b-2be0-49fb-a287-6b2b14184752;2610D;4308fad3-f271-48d8-8b98-73b7f002356f;2025-11-01 19:26:29.238109+00;0ea095e9-4723-4691-b58c-c658b449912c
d57264e9-3eea-4fd2-948d-b70d7337c96a;f585cc9b-2be0-49fb-a287-6b2b14184752;2611D;4308fad3-f271-48d8-8b98-73b7f002356f;2025-11-01 19:26:29.238109+00;a882d07f-eeda-4a00-9f0a-c2c34ee227b6
f8123209-76f8-482e-a462-67122dd81afe;f585cc9b-2be0-49fb-a287-6b2b14184752;2611F;4308fad3-f271-48d8-8b98-73b7f002356f;2025-11-01 19:26:29.238109+00;0ea095e9-4723-4691-b58c-c658b449912c
d620365f-3176-4d8d-8f35-3741328cf43c;f585cc9b-2be0-49fb-a287-6b2b14184752;2612D;4308fad3-f271-48d8-8b98-73b7f002356f;2025-11-01 19:26:29.238109+00;88847d4e-a5d1-4d59-a90f-237c7e06cb2b
bcac97fd-c303-445f-bac6-d5bee55768b9;f585cc9b-2be0-49fb-a287-6b2b14184752;2613D;4308fad3-f271-48d8-8b98-73b7f002356f;2025-11-01 19:26:29.238109+00;88847d4e-a5d1-4d59-a90f-237c7e06cb2b
b964c684-d04a-4711-8d35-11f7ec4f1ed2;f585cc9b-2be0-49fb-a287-6b2b14184752;2613F;4308fad3-f271-48d8-8b98-73b7f002356f;2025-11-01 19:26:29.238109+00;88847d4e-a5d1-4d59-a90f-237c7e06cb2b
34b1fc13-3c69-4ce6-afc1-f4abd4d65a44;f585cc9b-2be0-49fb-a287-6b2b14184752;2614D;4308fad3-f271-48d8-8b98-73b7f002356f;2025-11-01 19:26:29.238109+00;a882d07f-eeda-4a00-9f0a-c2c34ee227b6
d354757b-22a6-4c57-bebc-5d8d80ab5b3a;f585cc9b-2be0-49fb-a287-6b2b14184752;2615D;4308fad3-f271-48d8-8b98-73b7f002356f;2025-11-01 19:26:29.238109+00;88847d4e-a5d1-4d59-a90f-237c7e06cb2b
5f19385c-0ccb-4665-8075-b4d731c72d3a;f585cc9b-2be0-49fb-a287-6b2b14184752;2615F;4308fad3-f271-48d8-8b98-73b7f002356f;2025-11-01 19:26:29.238109+00;a882d07f-eeda-4a00-9f0a-c2c34ee227b6
40f6dcd9-dbe2-4ed2-b564-ea0dc3e2655b;f585cc9b-2be0-49fb-a287-6b2b14184752;2620D;4308fad3-f271-48d8-8b98-73b7f002356f;2025-11-01 19:26:29.238109+00;0ea095e9-4723-4691-b58c-c658b449912c
e08282ba-55a9-464e-8029-477055723faf;f585cc9b-2be0-49fb-a287-6b2b14184752;2621D;4308fad3-f271-48d8-8b98-73b7f002356f;2025-11-01 19:26:29.238109+00;88847d4e-a5d1-4d59-a90f-237c7e06cb2b
2a2a1052-96d1-425e-8dfd-cb448bc5f759;f585cc9b-2be0-49fb-a287-6b2b14184752;2621F;4308fad3-f271-48d8-8b98-73b7f002356f;2025-11-01 19:26:29.238109+00;0ea095e9-4723-4691-b58c-c658b449912c
4b954c2a-43cb-4f84-87cd-c1908fce632c;f585cc9b-2be0-49fb-a287-6b2b14184752;2622D;4308fad3-f271-48d8-8b98-73b7f002356f;2025-11-01 19:26:29.238109+00;0ea095e9-4723-4691-b58c-c658b449912c
ce6818b5-0509-49d7-abe7-29d9fb2b75c1;f585cc9b-2be0-49fb-a287-6b2b14184752;2623D;4308fad3-f271-48d8-8b98-73b7f002356f;2025-11-01 19:26:29.238109+00;88847d4e-a5d1-4d59-a90f-237c7e06cb2b
236ff813-fce4-4030-a87a-84baf8203b5a;f585cc9b-2be0-49fb-a287-6b2b14184752;2623F;4308fad3-f271-48d8-8b98-73b7f002356f;2025-11-01 19:26:29.238109+00;0ea095e9-4723-4691-b58c-c658b449912c
9bed69ed-9502-4d24-879e-d8a26b94a3fa;f585cc9b-2be0-49fb-a287-6b2b14184752;2624D;4308fad3-f271-48d8-8b98-73b7f002356f;2025-11-01 19:26:29.238109+00;0ea095e9-4723-4691-b58c-c658b449912c
64fb011e-dbcc-4904-88a3-b3badf357b38;f585cc9b-2be0-49fb-a287-6b2b14184752;2625D;4308fad3-f271-48d8-8b98-73b7f002356f;2025-11-01 19:26:29.238109+00;88847d4e-a5d1-4d59-a90f-237c7e06cb2b
f85e927c-7121-4bba-93e6-b8662a819b5f;f585cc9b-2be0-49fb-a287-6b2b14184752;2625F;4308fad3-f271-48d8-8b98-73b7f002356f;2025-11-01 19:26:29.238109+00;0ea095e9-4723-4691-b58c-c658b449912c
5a272eba-373b-42eb-a2ca-391b824e3eff;f585cc9b-2be0-49fb-a287-6b2b14184752;2626D;4308fad3-f271-48d8-8b98-73b7f002356f;2025-11-01 19:26:29.238109+00;0ea095e9-4723-4691-b58c-c658b449912c
4d49201b-cbec-47ee-b5bd-6fe2d7aa77f1;f585cc9b-2be0-49fb-a287-6b2b14184752;2627D;4308fad3-f271-48d8-8b98-73b7f002356f;2025-11-01 19:26:29.238109+00;a882d07f-eeda-4a00-9f0a-c2c34ee227b6
1fe89203-c705-4014-a2ad-77ff5380d328;f585cc9b-2be0-49fb-a287-6b2b14184752;2627F;4308fad3-f271-48d8-8b98-73b7f002356f;2025-11-01 19:26:29.238109+00;0ea095e9-4723-4691-b58c-c658b449912c
a442a408-2b10-4839-9bd2-bdb98a6ce9f0;f585cc9b-2be0-49fb-a287-6b2b14184752;2628D;4308fad3-f271-48d8-8b98-73b7f002356f;2025-11-01 19:26:29.238109+00;0ea095e9-4723-4691-b58c-c658b449912c
c9463b57-6a75-4a90-9e4e-8a0798d0bb90;f585cc9b-2be0-49fb-a287-6b2b14184752;2629D;4308fad3-f271-48d8-8b98-73b7f002356f;2025-11-01 19:26:29.238109+00;a882d07f-eeda-4a00-9f0a-c2c34ee227b6
ed4dfaef-a769-4ab1-ba68-120295366e55;f585cc9b-2be0-49fb-a287-6b2b14184752;2629F;4308fad3-f271-48d8-8b98-73b7f002356f;2025-11-01 19:26:29.238109+00;0ea095e9-4723-4691-b58c-c658b449912c
a7334e18-68c0-4d6d-a5e1-2e8a9dea62f1;f585cc9b-2be0-49fb-a287-6b2b14184752;2630D;4308fad3-f271-48d8-8b98-73b7f002356f;2025-11-01 19:26:29.238109+00;0ea095e9-4723-4691-b58c-c658b449912c
0e059560-4b95-41e1-b0e4-ca84656fd4f7;f585cc9b-2be0-49fb-a287-6b2b14184752;2631D;4308fad3-f271-48d8-8b98-73b7f002356f;2025-11-01 19:26:29.238109+00;a882d07f-eeda-4a00-9f0a-c2c34ee227b6
c2b9e379-f15c-4476-a37f-1a779143215b;f585cc9b-2be0-49fb-a287-6b2b14184752;2631F;4308fad3-f271-48d8-8b98-73b7f002356f;2025-11-01 19:26:29.238109+00;0ea095e9-4723-4691-b58c-c658b449912c
b9548cf1-7b8c-400e-9245-f54c28bda37a;f585cc9b-2be0-49fb-a287-6b2b14184752;2632D;4308fad3-f271-48d8-8b98-73b7f002356f;2025-11-01 19:26:29.238109+00;a882d07f-eeda-4a00-9f0a-c2c34ee227b6
5206b255-744c-4bbe-bb26-6faba2e7fd15;f585cc9b-2be0-49fb-a287-6b2b14184752;2633D;4308fad3-f271-48d8-8b98-73b7f002356f;2025-11-01 19:26:29.238109+00;88847d4e-a5d1-4d59-a90f-237c7e06cb2b
475dc968-73c2-429c-99f9-00fb582abaa0;f585cc9b-2be0-49fb-a287-6b2b14184752;2633F;4308fad3-f271-48d8-8b98-73b7f002356f;2025-11-01 19:26:29.238109+00;a882d07f-eeda-4a00-9f0a-c2c34ee227b6
f2eb7518-ae3b-4b34-bda8-b883d62eb9cc;f585cc9b-2be0-49fb-a287-6b2b14184752;2634D;4308fad3-f271-48d8-8b98-73b7f002356f;2025-11-01 19:26:29.238109+00;a882d07f-eeda-4a00-9f0a-c2c34ee227b6
d9601026-7746-4d8b-8d9a-bc835813990a;f585cc9b-2be0-49fb-a287-6b2b14184752;2635D;4308fad3-f271-48d8-8b98-73b7f002356f;2025-11-01 19:26:29.238109+00;88847d4e-a5d1-4d59-a90f-237c7e06cb2b
82f53f9c-6237-41b7-be3e-5860402d0f89;f585cc9b-2be0-49fb-a287-6b2b14184752;2635F;4308fad3-f271-48d8-8b98-73b7f002356f;2025-11-01 19:26:29.238109+00;88847d4e-a5d1-4d59-a90f-237c7e06cb2b
07f76c98-6881-4051-9083-e800d1397f19;f585cc9b-2be0-49fb-a287-6b2b14184752;2636D;4308fad3-f271-48d8-8b98-73b7f002356f;2025-11-01 19:26:29.238109+00;88847d4e-a5d1-4d59-a90f-237c7e06cb2b
7d6ec806-04e7-4a5f-bff4-dfe5a4c6eb2a;f585cc9b-2be0-49fb-a287-6b2b14184752;2637D;4308fad3-f271-48d8-8b98-73b7f002356f;2025-11-01 19:26:29.238109+00;88847d4e-a5d1-4d59-a90f-237c7e06cb2b
a3b59b39-cc0b-4412-9fea-23a2a590bdcc;f585cc9b-2be0-49fb-a287-6b2b14184752;2637F;4308fad3-f271-48d8-8b98-73b7f002356f;2025-11-01 19:26:29.238109+00;88847d4e-a5d1-4d59-a90f-237c7e06cb2b
4c0831d2-89ef-46cc-8e13-014e6d4d8911;1f078eff-1133-4007-b048-8ef026dba211;1409A;4308fad3-f271-48d8-8b98-73b7f002356f;2025-11-01 19:26:29.632989+00;b2d56572-1486-4ba0-9a10-f2f270082895
2201e294-9297-44b6-8084-bb5a55bfa2a7;1f078eff-1133-4007-b048-8ef026dba211;1409B;4308fad3-f271-48d8-8b98-73b7f002356f;2025-11-01 19:26:29.632989+00;b2d56572-1486-4ba0-9a10-f2f270082895
db13b5b0-5997-4595-a938-7045695ae455;1f078eff-1133-4007-b048-8ef026dba211;1409C;4308fad3-f271-48d8-8b98-73b7f002356f;2025-11-01 19:26:29.632989+00;b2d56572-1486-4ba0-9a10-f2f270082895
7ac2929a-1081-468e-b5fd-34c5bb30d13e;1f078eff-1133-4007-b048-8ef026dba211;1409D;4308fad3-f271-48d8-8b98-73b7f002356f;2025-11-01 19:26:29.632989+00;b2d56572-1486-4ba0-9a10-f2f270082895
c62516e2-efc8-4636-abc3-23df82d56720;1f078eff-1133-4007-b048-8ef026dba211;1409E;4308fad3-f271-48d8-8b98-73b7f002356f;2025-11-01 19:26:29.632989+00;b2d56572-1486-4ba0-9a10-f2f270082895
0ad3c32f-96b2-45e9-ae1d-4db9baaa4202;1f078eff-1133-4007-b048-8ef026dba211;1409F;4308fad3-f271-48d8-8b98-73b7f002356f;2025-11-01 19:26:29.632989+00;b2d56572-1486-4ba0-9a10-f2f270082895
877fda07-7ccd-4a66-8250-634bc217d267;1f078eff-1133-4007-b048-8ef026dba211;1409G;4308fad3-f271-48d8-8b98-73b7f002356f;2025-11-01 19:26:29.632989+00;b2d56572-1486-4ba0-9a10-f2f270082895
a2817837-a1c6-48cf-82d0-db8f87663bf1;1f078eff-1133-4007-b048-8ef026dba211;1409H;4308fad3-f271-48d8-8b98-73b7f002356f;2025-11-01 19:26:29.632989+00;b2d56572-1486-4ba0-9a10-f2f270082895
e1493291-756a-4e00-a62c-d26f6c4426ca;1f078eff-1133-4007-b048-8ef026dba211;1411A;4308fad3-f271-48d8-8b98-73b7f002356f;2025-11-01 19:26:29.632989+00;1c30e88f-86ae-4c06-8b5e-b640942d12dc
8a33de81-5da1-4014-b822-964ff4ff9d93;1f078eff-1133-4007-b048-8ef026dba211;1411B;4308fad3-f271-48d8-8b98-73b7f002356f;2025-11-01 19:26:29.632989+00;1c30e88f-86ae-4c06-8b5e-b640942d12dc
9e928fea-f2c8-45a0-87f9-f89c773bf85d;1f078eff-1133-4007-b048-8ef026dba211;1411C;4308fad3-f271-48d8-8b98-73b7f002356f;2025-11-01 19:26:29.632989+00;1c30e88f-86ae-4c06-8b5e-b640942d12dc
776fe7a4-f24d-48b8-b83d-b30e6bee1514;1f078eff-1133-4007-b048-8ef026dba211;1411D;4308fad3-f271-48d8-8b98-73b7f002356f;2025-11-01 19:26:29.632989+00;1c30e88f-86ae-4c06-8b5e-b640942d12dc
563f72b0-1508-43ac-bef9-775a66845d65;1f078eff-1133-4007-b048-8ef026dba211;1411E;4308fad3-f271-48d8-8b98-73b7f002356f;2025-11-01 19:26:29.632989+00;1c30e88f-86ae-4c06-8b5e-b640942d12dc
ec333790-6ffc-48e6-b6f2-2586345db63a;1f078eff-1133-4007-b048-8ef026dba211;1411F;4308fad3-f271-48d8-8b98-73b7f002356f;2025-11-01 19:26:29.632989+00;1c30e88f-86ae-4c06-8b5e-b640942d12dc
2b73ec3b-06a9-420c-9564-c100e4614371;1f078eff-1133-4007-b048-8ef026dba211;1411G;4308fad3-f271-48d8-8b98-73b7f002356f;2025-11-01 19:26:29.632989+00;1c30e88f-86ae-4c06-8b5e-b640942d12dc
d070e0d5-0088-4335-947e-c5cc83c1d192;1f078eff-1133-4007-b048-8ef026dba211;1411H;4308fad3-f271-48d8-8b98-73b7f002356f;2025-11-01 19:26:29.632989+00;1c30e88f-86ae-4c06-8b5e-b640942d12dc
2c1b0d39-e41c-4adc-8e73-83925130306c;1f078eff-1133-4007-b048-8ef026dba211;1413A;4308fad3-f271-48d8-8b98-73b7f002356f;2025-11-01 19:26:29.632989+00;eebeacdd-4a67-4c95-8c02-c328b623e56d
5faf9ef6-e8e3-4198-a160-653774f1d8a9;1f078eff-1133-4007-b048-8ef026dba211;1413B;4308fad3-f271-48d8-8b98-73b7f002356f;2025-11-01 19:26:29.632989+00;eebeacdd-4a67-4c95-8c02-c328b623e56d
2f258460-b367-4f36-a8ec-cc8b1b8475a7;1f078eff-1133-4007-b048-8ef026dba211;1413C;4308fad3-f271-48d8-8b98-73b7f002356f;2025-11-01 19:26:29.632989+00;eebeacdd-4a67-4c95-8c02-c328b623e56d
afdf96cc-f4f4-4232-8c25-064f5101e34c;1f078eff-1133-4007-b048-8ef026dba211;1413D;4308fad3-f271-48d8-8b98-73b7f002356f;2025-11-01 19:26:29.632989+00;eebeacdd-4a67-4c95-8c02-c328b623e56d
6faeae97-e132-4757-aa1d-f58402cc92d6;1f078eff-1133-4007-b048-8ef026dba211;1413E;4308fad3-f271-48d8-8b98-73b7f002356f;2025-11-01 19:26:29.632989+00;eebeacdd-4a67-4c95-8c02-c328b623e56d
5bbb7a90-3b7b-4abe-bcb8-4b65c9420aef;1f078eff-1133-4007-b048-8ef026dba211;1413F;4308fad3-f271-48d8-8b98-73b7f002356f;2025-11-01 19:26:29.632989+00;eebeacdd-4a67-4c95-8c02-c328b623e56d
1a625267-94d9-4860-94d9-b078a04b3563;1f078eff-1133-4007-b048-8ef026dba211;1413G;4308fad3-f271-48d8-8b98-73b7f002356f;2025-11-01 19:26:29.632989+00;eebeacdd-4a67-4c95-8c02-c328b623e56d
d9da88e5-c476-49f1-8fd3-6d17a0203b2a;1f078eff-1133-4007-b048-8ef026dba211;1413H;4308fad3-f271-48d8-8b98-73b7f002356f;2025-11-01 19:26:29.632989+00;eebeacdd-4a67-4c95-8c02-c328b623e56d
fd6ef06f-1fc4-4a73-b008-55f813559fd9;1f078eff-1133-4007-b048-8ef026dba211;1413I;4308fad3-f271-48d8-8b98-73b7f002356f;2025-11-01 19:26:29.632989+00;eebeacdd-4a67-4c95-8c02-c328b623e56d
b8c14155-1113-4d51-8707-0a34a64b2238;1f078eff-1133-4007-b048-8ef026dba211;1413J;4308fad3-f271-48d8-8b98-73b7f002356f;2025-11-01 19:26:29.632989+00;eebeacdd-4a67-4c95-8c02-c328b623e56d
5d531722-ae22-4aa5-af43-dffeb467a5d6;1f078eff-1133-4007-b048-8ef026dba211;1413K;4308fad3-f271-48d8-8b98-73b7f002356f;2025-11-01 19:26:29.632989+00;eebeacdd-4a67-4c95-8c02-c328b623e56d
54798b6c-53fc-415a-bb32-22ae7c46c446;1f078eff-1133-4007-b048-8ef026dba211;1413L;4308fad3-f271-48d8-8b98-73b7f002356f;2025-11-01 19:26:29.632989+00;eebeacdd-4a67-4c95-8c02-c328b623e56d
a74a7f94-f146-436a-8f04-7a82a5701bc8;1f078eff-1133-4007-b048-8ef026dba211;1415A;4308fad3-f271-48d8-8b98-73b7f002356f;2025-11-01 19:26:29.632989+00;eebeacdd-4a67-4c95-8c02-c328b623e56d
e9a2cf96-6341-40ab-8e68-58167b9e654e;1f078eff-1133-4007-b048-8ef026dba211;1415B;4308fad3-f271-48d8-8b98-73b7f002356f;2025-11-01 19:26:29.632989+00;eebeacdd-4a67-4c95-8c02-c328b623e56d
e705a9cc-89b6-40d5-9c83-38659b14f93b;1f078eff-1133-4007-b048-8ef026dba211;1415C;4308fad3-f271-48d8-8b98-73b7f002356f;2025-11-01 19:26:29.632989+00;eebeacdd-4a67-4c95-8c02-c328b623e56d
1deb2388-3671-48c8-a822-26c7cd73357a;1f078eff-1133-4007-b048-8ef026dba211;1415D;4308fad3-f271-48d8-8b98-73b7f002356f;2025-11-01 19:26:29.632989+00;eebeacdd-4a67-4c95-8c02-c328b623e56d
6438ae61-6f2b-432b-969c-3484794945ef;1f078eff-1133-4007-b048-8ef026dba211;1415E;4308fad3-f271-48d8-8b98-73b7f002356f;2025-11-01 19:26:29.632989+00;eebeacdd-4a67-4c95-8c02-c328b623e56d
4ea5be85-9599-4d21-a513-7d07a6032ba1;1f078eff-1133-4007-b048-8ef026dba211;1415F;4308fad3-f271-48d8-8b98-73b7f002356f;2025-11-01 19:26:29.632989+00;eebeacdd-4a67-4c95-8c02-c328b623e56d
47a4a4af-bb7a-4de5-a46f-2bd3c0678db3;1f078eff-1133-4007-b048-8ef026dba211;1415G;4308fad3-f271-48d8-8b98-73b7f002356f;2025-11-01 19:26:29.632989+00;eebeacdd-4a67-4c95-8c02-c328b623e56d
6f041e06-3b58-4e45-87e4-34e4b4c667b1;1f078eff-1133-4007-b048-8ef026dba211;1415H;4308fad3-f271-48d8-8b98-73b7f002356f;2025-11-01 19:26:29.632989+00;eebeacdd-4a67-4c95-8c02-c328b623e56d
28a1214c-4895-4dea-8ecb-1c31220435ba;1f078eff-1133-4007-b048-8ef026dba211;1415I;4308fad3-f271-48d8-8b98-73b7f002356f;2025-11-01 19:26:29.632989+00;eebeacdd-4a67-4c95-8c02-c328b623e56d
16b67755-c421-4fbf-809c-a2c74e292304;1f078eff-1133-4007-b048-8ef026dba211;1415J;4308fad3-f271-48d8-8b98-73b7f002356f;2025-11-01 19:26:29.632989+00;eebeacdd-4a67-4c95-8c02-c328b623e56d
45fc1635-af67-491c-ab39-635dc335054b;1f078eff-1133-4007-b048-8ef026dba211;1415K;4308fad3-f271-48d8-8b98-73b7f002356f;2025-11-01 19:26:29.632989+00;eebeacdd-4a67-4c95-8c02-c328b623e56d
54bab527-9ca6-4dad-b004-be0dc027ff5e;1f078eff-1133-4007-b048-8ef026dba211;1415L;4308fad3-f271-48d8-8b98-73b7f002356f;2025-11-01 19:26:29.632989+00;eebeacdd-4a67-4c95-8c02-c328b623e56d
213c1fbe-7173-424f-bc90-0d5943e88b7f;57faae14-48d1-47af-a7fe-96336b05b3ed;1900-1;4308fad3-f271-48d8-8b98-73b7f002356f;2025-11-01 19:26:30.025346+00;eebeacdd-4a67-4c95-8c02-c328b623e56d
57b2b988-b200-4982-92b5-c0c843c01be6;57faae14-48d1-47af-a7fe-96336b05b3ed;1900-2;4308fad3-f271-48d8-8b98-73b7f002356f;2025-11-01 19:26:30.025346+00;b2d56572-1486-4ba0-9a10-f2f270082895
8acca82f-49a4-4e56-bfd8-b5594eb5295d;57faae14-48d1-47af-a7fe-96336b05b3ed;1900-3;4308fad3-f271-48d8-8b98-73b7f002356f;2025-11-01 19:26:30.025346+00;eebeacdd-4a67-4c95-8c02-c328b623e56d
b80d4b4c-93ab-4299-939d-fc5ff726ae18;57faae14-48d1-47af-a7fe-96336b05b3ed;1900-4;4308fad3-f271-48d8-8b98-73b7f002356f;2025-11-01 19:26:30.025346+00;eebeacdd-4a67-4c95-8c02-c328b623e56d
a4c7a3a3-f646-4cee-8011-9184bd174c0d;57faae14-48d1-47af-a7fe-96336b05b3ed;1900-5;4308fad3-f271-48d8-8b98-73b7f002356f;2025-11-01 19:26:30.025346+00;eebeacdd-4a67-4c95-8c02-c328b623e56d
bd1578b8-8207-4a26-913b-b0b1edc51bff;57faae14-48d1-47af-a7fe-96336b05b3ed;1900-6;4308fad3-f271-48d8-8b98-73b7f002356f;2025-11-01 19:26:30.025346+00;b2d56572-1486-4ba0-9a10-f2f270082895
35c79fec-dd2e-43d2-81ba-8b1a2bdc5882;57faae14-48d1-47af-a7fe-96336b05b3ed;1904-7;4308fad3-f271-48d8-8b98-73b7f002356f;2025-11-01 19:26:30.025346+00;eebeacdd-4a67-4c95-8c02-c328b623e56d
e1bb18a7-dc2e-45ee-ad97-e47a347cfd67;57faae14-48d1-47af-a7fe-96336b05b3ed;1904-8;4308fad3-f271-48d8-8b98-73b7f002356f;2025-11-01 19:26:30.025346+00;b2d56572-1486-4ba0-9a10-f2f270082895
92b8e079-5691-49d7-872f-856863cf85d9;57faae14-48d1-47af-a7fe-96336b05b3ed;1904-9;4308fad3-f271-48d8-8b98-73b7f002356f;2025-11-01 19:26:30.025346+00;eebeacdd-4a67-4c95-8c02-c328b623e56d
028ee7b7-fa79-451c-89ca-5b4823e62185;57faae14-48d1-47af-a7fe-96336b05b3ed;1904-10;4308fad3-f271-48d8-8b98-73b7f002356f;2025-11-01 19:26:30.025346+00;eebeacdd-4a67-4c95-8c02-c328b623e56d
c8275186-c6c1-4584-8fa0-d70db70f0a28;57faae14-48d1-47af-a7fe-96336b05b3ed;1904-11;4308fad3-f271-48d8-8b98-73b7f002356f;2025-11-01 19:26:30.025346+00;eebeacdd-4a67-4c95-8c02-c328b623e56d
caa69a1d-4113-4611-b88f-146cb29d645f;57faae14-48d1-47af-a7fe-96336b05b3ed;1906-6;4308fad3-f271-48d8-8b98-73b7f002356f;2025-11-01 19:26:30.025346+00;b2d56572-1486-4ba0-9a10-f2f270082895
fbb2df73-ae12-4151-8650-04817c6715c2;57faae14-48d1-47af-a7fe-96336b05b3ed;1906-7;4308fad3-f271-48d8-8b98-73b7f002356f;2025-11-01 19:26:30.025346+00;eebeacdd-4a67-4c95-8c02-c328b623e56d
c684486a-c2a4-4238-8237-4ae91ce98402;57faae14-48d1-47af-a7fe-96336b05b3ed;1906-8;4308fad3-f271-48d8-8b98-73b7f002356f;2025-11-01 19:26:30.025346+00;b2d56572-1486-4ba0-9a10-f2f270082895
4a4166e7-8300-4062-a125-630604a0bbfc;57faae14-48d1-47af-a7fe-96336b05b3ed;1906-9;4308fad3-f271-48d8-8b98-73b7f002356f;2025-11-01 19:26:30.025346+00;eebeacdd-4a67-4c95-8c02-c328b623e56d
277124aa-4b26-4045-9af3-3dc1ed0a7c19;57faae14-48d1-47af-a7fe-96336b05b3ed;1906-10;4308fad3-f271-48d8-8b98-73b7f002356f;2025-11-01 19:26:30.025346+00;b2d56572-1486-4ba0-9a10-f2f270082895
2da7279c-0f01-4408-ae32-73cf2eefbc5b;57faae14-48d1-47af-a7fe-96336b05b3ed;1906-11;4308fad3-f271-48d8-8b98-73b7f002356f;2025-11-01 19:26:30.025346+00;eebeacdd-4a67-4c95-8c02-c328b623e56d
b2d4c16f-bd7b-45a8-b80d-2d7901c4f87c;57faae14-48d1-47af-a7fe-96336b05b3ed;1908-1;4308fad3-f271-48d8-8b98-73b7f002356f;2025-11-01 19:26:30.025346+00;eebeacdd-4a67-4c95-8c02-c328b623e56d
bc1dc6c4-cbce-4001-b713-32de49198964;57faae14-48d1-47af-a7fe-96336b05b3ed;1908-2;4308fad3-f271-48d8-8b98-73b7f002356f;2025-11-01 19:26:30.025346+00;b2d56572-1486-4ba0-9a10-f2f270082895
dbf4ba07-b807-449e-8b01-1d005174ca66;57faae14-48d1-47af-a7fe-96336b05b3ed;1908-3;4308fad3-f271-48d8-8b98-73b7f002356f;2025-11-01 19:26:30.025346+00;eebeacdd-4a67-4c95-8c02-c328b623e56d
a4041215-49b1-4a75-ab49-6be83f576a56;57faae14-48d1-47af-a7fe-96336b05b3ed;1908-4;4308fad3-f271-48d8-8b98-73b7f002356f;2025-11-01 19:26:30.025346+00;b2d56572-1486-4ba0-9a10-f2f270082895
84333bdc-257a-4fa9-a52d-990f55e1970e;57faae14-48d1-47af-a7fe-96336b05b3ed;1908-5;4308fad3-f271-48d8-8b98-73b7f002356f;2025-11-01 19:26:30.025346+00;eebeacdd-4a67-4c95-8c02-c328b623e56d
7cb3bf3f-ddb3-4907-b2e9-53b369943dc3;04451345-5a83-40e8-93a6-cc0c346ae28b;1;4308fad3-f271-48d8-8b98-73b7f002356f;2025-11-01 19:26:30.423586+00;eebeacdd-4a67-4c95-8c02-c328b623e56d
71b6cc00-d305-4427-812f-4d47ea67f0fe;04451345-5a83-40e8-93a6-cc0c346ae28b;2;4308fad3-f271-48d8-8b98-73b7f002356f;2025-11-01 19:26:30.423586+00;b2d56572-1486-4ba0-9a10-f2f270082895
7aa7aa3a-e630-4bc6-95a5-ca0d3f57113d;04451345-5a83-40e8-93a6-cc0c346ae28b;3;4308fad3-f271-48d8-8b98-73b7f002356f;2025-11-01 19:26:30.423586+00;eebeacdd-4a67-4c95-8c02-c328b623e56d
573b4de3-88c8-4707-8696-9fba414bfb60;04451345-5a83-40e8-93a6-cc0c346ae28b;4;4308fad3-f271-48d8-8b98-73b7f002356f;2025-11-01 19:26:30.423586+00;eebeacdd-4a67-4c95-8c02-c328b623e56d
840f18f5-f72d-4b76-a3d9-31eea2ed3753;04451345-5a83-40e8-93a6-cc0c346ae28b;5;4308fad3-f271-48d8-8b98-73b7f002356f;2025-11-01 19:26:30.423586+00;eebeacdd-4a67-4c95-8c02-c328b623e56d
454df0be-8084-4b1e-a490-4984d6ad045d;04451345-5a83-40e8-93a6-cc0c346ae28b;6;4308fad3-f271-48d8-8b98-73b7f002356f;2025-11-01 19:26:30.423586+00;eebeacdd-4a67-4c95-8c02-c328b623e56d
f64c6f38-14fa-4a11-98b7-bd44bb910988;04451345-5a83-40e8-93a6-cc0c346ae28b;7;4308fad3-f271-48d8-8b98-73b7f002356f;2025-11-01 19:26:30.423586+00;eebeacdd-4a67-4c95-8c02-c328b623e56d
a12de921-e46e-403e-9bf9-79c838b4a963;04451345-5a83-40e8-93a6-cc0c346ae28b;8;4308fad3-f271-48d8-8b98-73b7f002356f;2025-11-01 19:26:30.423586+00;eebeacdd-4a67-4c95-8c02-c328b623e56d
37e0fa59-14ff-4b4f-8203-6687f852053e;04451345-5a83-40e8-93a6-cc0c346ae28b;9;4308fad3-f271-48d8-8b98-73b7f002356f;2025-11-01 19:26:30.423586+00;b2d56572-1486-4ba0-9a10-f2f270082895
6fbb2b01-eb6e-4f97-bebf-b0595500efc7;04451345-5a83-40e8-93a6-cc0c346ae28b;10;4308fad3-f271-48d8-8b98-73b7f002356f;2025-11-01 19:26:30.423586+00;eebeacdd-4a67-4c95-8c02-c328b623e56d
3321facf-acb5-466b-bd67-cbfc7e6e6fe0;04451345-5a83-40e8-93a6-cc0c346ae28b;11;4308fad3-f271-48d8-8b98-73b7f002356f;2025-11-01 19:26:30.423586+00;eebeacdd-4a67-4c95-8c02-c328b623e56d
61f16c4d-7f16-4565-8c73-4fef263d43b2;04451345-5a83-40e8-93a6-cc0c346ae28b;12;4308fad3-f271-48d8-8b98-73b7f002356f;2025-11-01 19:26:30.423586+00;eebeacdd-4a67-4c95-8c02-c328b623e56d
ed5f3713-1569-41c9-bbc2-2aeb31e67aa7;04451345-5a83-40e8-93a6-cc0c346ae28b;14;4308fad3-f271-48d8-8b98-73b7f002356f;2025-11-01 19:26:30.423586+00;b2d56572-1486-4ba0-9a10-f2f270082895
cc7d90cf-bc5b-45c6-a7c1-29ba04882bec;04451345-5a83-40e8-93a6-cc0c346ae28b;15;4308fad3-f271-48d8-8b98-73b7f002356f;2025-11-01 19:26:30.423586+00;eebeacdd-4a67-4c95-8c02-c328b623e56d
66149637-5db7-493c-a0fb-ce1e0791e637;04451345-5a83-40e8-93a6-cc0c346ae28b;16;4308fad3-f271-48d8-8b98-73b7f002356f;2025-11-01 19:26:30.423586+00;eebeacdd-4a67-4c95-8c02-c328b623e56d
840b57cc-371a-4d6c-9fe7-1fe324a18afa;04451345-5a83-40e8-93a6-cc0c346ae28b;17;4308fad3-f271-48d8-8b98-73b7f002356f;2025-11-01 19:26:30.423586+00;eebeacdd-4a67-4c95-8c02-c328b623e56d
93a5c410-59f2-45c6-8c9b-3cfbc1b87ecf;04451345-5a83-40e8-93a6-cc0c346ae28b;18;4308fad3-f271-48d8-8b98-73b7f002356f;2025-11-01 19:26:30.423586+00;eebeacdd-4a67-4c95-8c02-c328b623e56d
ed9cf761-63ad-4e06-b07f-5dbca558f380;04451345-5a83-40e8-93a6-cc0c346ae28b;19;4308fad3-f271-48d8-8b98-73b7f002356f;2025-11-01 19:26:30.423586+00;b2d56572-1486-4ba0-9a10-f2f270082895
7e63a3b3-9448-4ca0-bdc9-e2eb6aeaafc8;04451345-5a83-40e8-93a6-cc0c346ae28b;20;4308fad3-f271-48d8-8b98-73b7f002356f;2025-11-01 19:26:30.423586+00;eebeacdd-4a67-4c95-8c02-c328b623e56d
9fb1af12-2b0c-47ce-b483-6d5c48b9f120;04451345-5a83-40e8-93a6-cc0c346ae28b;21;4308fad3-f271-48d8-8b98-73b7f002356f;2025-11-01 19:26:30.423586+00;eebeacdd-4a67-4c95-8c02-c328b623e56d
27024882-e441-43d9-9b6b-21297984c350;04451345-5a83-40e8-93a6-cc0c346ae28b;22;4308fad3-f271-48d8-8b98-73b7f002356f;2025-11-01 19:26:30.423586+00;eebeacdd-4a67-4c95-8c02-c328b623e56d
626cc132-37c3-4a10-9fe1-16c4a4564c96;04451345-5a83-40e8-93a6-cc0c346ae28b;23;4308fad3-f271-48d8-8b98-73b7f002356f;2025-11-01 19:26:30.423586+00;b2d56572-1486-4ba0-9a10-f2f270082895
c07f561f-2967-42c0-a59d-8e94b639fe74;04451345-5a83-40e8-93a6-cc0c346ae28b;24;4308fad3-f271-48d8-8b98-73b7f002356f;2025-11-01 19:26:30.423586+00;eebeacdd-4a67-4c95-8c02-c328b623e56d
263e1098-c0bf-498c-9b5e-b64cc7558e16;04451345-5a83-40e8-93a6-cc0c346ae28b;25;4308fad3-f271-48d8-8b98-73b7f002356f;2025-11-01 19:26:30.423586+00;eebeacdd-4a67-4c95-8c02-c328b623e56d
4152dfa5-f8cc-47b9-8339-b56cf25b55c7;04451345-5a83-40e8-93a6-cc0c346ae28b;26;4308fad3-f271-48d8-8b98-73b7f002356f;2025-11-01 19:26:30.423586+00;b2d56572-1486-4ba0-9a10-f2f270082895
62885fcc-af8a-43da-bae6-1245a18c51f2;04451345-5a83-40e8-93a6-cc0c346ae28b;27;4308fad3-f271-48d8-8b98-73b7f002356f;2025-11-01 19:26:30.423586+00;eebeacdd-4a67-4c95-8c02-c328b623e56d
7d04a7a3-f19a-4b3f-b251-c6ddafc681c8;04451345-5a83-40e8-93a6-cc0c346ae28b;28;4308fad3-f271-48d8-8b98-73b7f002356f;2025-11-01 19:26:30.423586+00;b2d56572-1486-4ba0-9a10-f2f270082895
5d8a9fb5-b455-4f61-a09f-f09ecced20a6;04451345-5a83-40e8-93a6-cc0c346ae28b;29;4308fad3-f271-48d8-8b98-73b7f002356f;2025-11-01 19:26:30.423586+00;eebeacdd-4a67-4c95-8c02-c328b623e56d
dfea8f61-53f8-470a-9bac-b0a26428e6dc;04451345-5a83-40e8-93a6-cc0c346ae28b;30;4308fad3-f271-48d8-8b98-73b7f002356f;2025-11-01 19:26:30.423586+00;eebeacdd-4a67-4c95-8c02-c328b623e56d
10b3ed0d-4cc5-4e03-bbc0-68f2397426a2;04451345-5a83-40e8-93a6-cc0c346ae28b;31;4308fad3-f271-48d8-8b98-73b7f002356f;2025-11-01 19:26:30.423586+00;eebeacdd-4a67-4c95-8c02-c328b623e56d
a31d8452-f66f-4628-bcd9-d57ad1f7c8f0;04451345-5a83-40e8-93a6-cc0c346ae28b;32;4308fad3-f271-48d8-8b98-73b7f002356f;2025-11-01 19:26:30.423586+00;eebeacdd-4a67-4c95-8c02-c328b623e56d
72e07484-788d-42a3-9963-398f6acde3ec;04451345-5a83-40e8-93a6-cc0c346ae28b;33;4308fad3-f271-48d8-8b98-73b7f002356f;2025-11-01 19:26:30.423586+00;b2d56572-1486-4ba0-9a10-f2f270082895
bb7d154d-1023-4ae5-8de8-f8b235e10540;04451345-5a83-40e8-93a6-cc0c346ae28b;34;4308fad3-f271-48d8-8b98-73b7f002356f;2025-11-01 19:26:30.423586+00;eebeacdd-4a67-4c95-8c02-c328b623e56d
f1141cb5-51d5-4577-b7fc-1cb88ca24d86;04451345-5a83-40e8-93a6-cc0c346ae28b;35;4308fad3-f271-48d8-8b98-73b7f002356f;2025-11-01 19:26:30.423586+00;eebeacdd-4a67-4c95-8c02-c328b623e56d
7e15a441-b5a6-4a51-8793-1072482e6797;04451345-5a83-40e8-93a6-cc0c346ae28b;36;4308fad3-f271-48d8-8b98-73b7f002356f;2025-11-01 19:26:30.423586+00;eebeacdd-4a67-4c95-8c02-c328b623e56d
9271b7f7-7f9f-4212-9570-65569d627a85;04451345-5a83-40e8-93a6-cc0c346ae28b;37;4308fad3-f271-48d8-8b98-73b7f002356f;2025-11-01 19:26:30.423586+00;eebeacdd-4a67-4c95-8c02-c328b623e56d
20181a9e-4b25-442f-b92f-dfa687dd0a92;04451345-5a83-40e8-93a6-cc0c346ae28b;38;4308fad3-f271-48d8-8b98-73b7f002356f;2025-11-01 19:26:30.423586+00;eebeacdd-4a67-4c95-8c02-c328b623e56d
f85ebcd9-97d5-4edf-a803-996e1bd9b4c8;04451345-5a83-40e8-93a6-cc0c346ae28b;39;4308fad3-f271-48d8-8b98-73b7f002356f;2025-11-01 19:26:30.423586+00;b2d56572-1486-4ba0-9a10-f2f270082895
ba9b7e66-ce3c-4813-bc98-3dc4a11a6475;04451345-5a83-40e8-93a6-cc0c346ae28b;40;4308fad3-f271-48d8-8b98-73b7f002356f;2025-11-01 19:26:30.423586+00;eebeacdd-4a67-4c95-8c02-c328b623e56d
1ddc5a84-c27c-4b60-8e57-cf7bedc91c38;04451345-5a83-40e8-93a6-cc0c346ae28b;41;4308fad3-f271-48d8-8b98-73b7f002356f;2025-11-01 19:26:30.423586+00;eebeacdd-4a67-4c95-8c02-c328b623e56d
a57cb0db-febf-446b-9881-560e67ffed4a;04451345-5a83-40e8-93a6-cc0c346ae28b;42;4308fad3-f271-48d8-8b98-73b7f002356f;2025-11-01 19:26:30.423586+00;eebeacdd-4a67-4c95-8c02-c328b623e56d
60ffb825-a4ee-409c-9e9d-a31a14e1092a;04451345-5a83-40e8-93a6-cc0c346ae28b;43;4308fad3-f271-48d8-8b98-73b7f002356f;2025-11-01 19:26:30.423586+00;eebeacdd-4a67-4c95-8c02-c328b623e56d
fddc2b40-e96d-4e99-b306-e4b501e8564a;04451345-5a83-40e8-93a6-cc0c346ae28b;44;4308fad3-f271-48d8-8b98-73b7f002356f;2025-11-01 19:26:30.423586+00;b2d56572-1486-4ba0-9a10-f2f270082895
e957f9fb-7986-4664-b013-7779146035c7;04451345-5a83-40e8-93a6-cc0c346ae28b;45;4308fad3-f271-48d8-8b98-73b7f002356f;2025-11-01 19:26:30.423586+00;eebeacdd-4a67-4c95-8c02-c328b623e56d
39360ce0-d600-4714-ad1c-2c0d4b753076;04451345-5a83-40e8-93a6-cc0c346ae28b;46;4308fad3-f271-48d8-8b98-73b7f002356f;2025-11-01 19:26:30.423586+00;eebeacdd-4a67-4c95-8c02-c328b623e56d
dc5c80f4-72a9-4c86-be99-ea079a8291f4;04451345-5a83-40e8-93a6-cc0c346ae28b;47;4308fad3-f271-48d8-8b98-73b7f002356f;2025-11-01 19:26:30.423586+00;eebeacdd-4a67-4c95-8c02-c328b623e56d
b6995081-3416-4701-b57e-3d5905c02e69;04451345-5a83-40e8-93a6-cc0c346ae28b;48;4308fad3-f271-48d8-8b98-73b7f002356f;2025-11-01 19:26:30.423586+00;b2d56572-1486-4ba0-9a10-f2f270082895
364006a7-7595-4b96-8bb1-295d35652a97;04451345-5a83-40e8-93a6-cc0c346ae28b;49;4308fad3-f271-48d8-8b98-73b7f002356f;2025-11-01 19:26:30.423586+00;eebeacdd-4a67-4c95-8c02-c328b623e56d
6a22711c-d026-4193-bc77-66d81a6c0128;04451345-5a83-40e8-93a6-cc0c346ae28b;50;4308fad3-f271-48d8-8b98-73b7f002356f;2025-11-01 19:26:30.423586+00;eebeacdd-4a67-4c95-8c02-c328b623e56d
d22a3d36-3edb-4c70-92c9-936b6b666c40;04451345-5a83-40e8-93a6-cc0c346ae28b;51;4308fad3-f271-48d8-8b98-73b7f002356f;2025-11-01 19:26:30.423586+00;b2d56572-1486-4ba0-9a10-f2f270082895
715b2f50-a06a-4ca9-ade8-fdb053882f0f;40328c42-b070-4eba-977d-544b28da794a;1;4308fad3-f271-48d8-8b98-73b7f002356f;2025-11-01 19:26:30.820391+00;b2d56572-1486-4ba0-9a10-f2f270082895
1a334298-37a5-4e4a-a452-076456758c65;40328c42-b070-4eba-977d-544b28da794a;2;4308fad3-f271-48d8-8b98-73b7f002356f;2025-11-01 19:26:30.820391+00;b2d56572-1486-4ba0-9a10-f2f270082895
90f394b6-7af9-4fe4-83d6-974682b70dcd;40328c42-b070-4eba-977d-544b28da794a;3;4308fad3-f271-48d8-8b98-73b7f002356f;2025-11-01 19:26:30.820391+00;b2d56572-1486-4ba0-9a10-f2f270082895
964321c4-5c01-40f8-9807-36565d3e7fc4;40328c42-b070-4eba-977d-544b28da794a;4;4308fad3-f271-48d8-8b98-73b7f002356f;2025-11-01 19:26:30.820391+00;b2d56572-1486-4ba0-9a10-f2f270082895
aa94275d-7165-4e32-a60e-5b5021d08be4;40328c42-b070-4eba-977d-544b28da794a;5;4308fad3-f271-48d8-8b98-73b7f002356f;2025-11-01 19:26:30.820391+00;b2d56572-1486-4ba0-9a10-f2f270082895
aad0a8c6-1db1-4fba-8ef7-261fafb9a9a8;40328c42-b070-4eba-977d-544b28da794a;6;4308fad3-f271-48d8-8b98-73b7f002356f;2025-11-01 19:26:30.820391+00;b2d56572-1486-4ba0-9a10-f2f270082895
c2c1084d-b8f6-4e40-9a20-43d96922ea63;40328c42-b070-4eba-977d-544b28da794a;7;4308fad3-f271-48d8-8b98-73b7f002356f;2025-11-01 19:26:30.820391+00;b2d56572-1486-4ba0-9a10-f2f270082895
0c665826-d7d1-4e00-b078-5ccb66ee354e;40328c42-b070-4eba-977d-544b28da794a;8;4308fad3-f271-48d8-8b98-73b7f002356f;2025-11-01 19:26:30.820391+00;b2d56572-1486-4ba0-9a10-f2f270082895
7a86ef65-68da-4e2e-9563-9ac98b3519b4;40328c42-b070-4eba-977d-544b28da794a;9;4308fad3-f271-48d8-8b98-73b7f002356f;2025-11-01 19:26:30.820391+00;b2d56572-1486-4ba0-9a10-f2f270082895
6f383f66-263e-423a-b96e-e156564b264a;40328c42-b070-4eba-977d-544b28da794a;10;4308fad3-f271-48d8-8b98-73b7f002356f;2025-11-01 19:26:30.820391+00;b2d56572-1486-4ba0-9a10-f2f270082895
2aef7237-8a34-4adf-920a-f3d1981a9198;40328c42-b070-4eba-977d-544b28da794a;11;4308fad3-f271-48d8-8b98-73b7f002356f;2025-11-01 19:26:30.820391+00;b2d56572-1486-4ba0-9a10-f2f270082895
d9de637e-b006-48f5-940a-e5c321061a54;40328c42-b070-4eba-977d-544b28da794a;12;4308fad3-f271-48d8-8b98-73b7f002356f;2025-11-01 19:26:30.820391+00;b2d56572-1486-4ba0-9a10-f2f270082895
1d0c1a47-325d-4720-8eca-9f9812032d34;40328c42-b070-4eba-977d-544b28da794a;13;4308fad3-f271-48d8-8b98-73b7f002356f;2025-11-01 19:26:30.820391+00;b2d56572-1486-4ba0-9a10-f2f270082895
167e8f4a-d080-4300-89fd-98aa5d0fdd18;40328c42-b070-4eba-977d-544b28da794a;14;4308fad3-f271-48d8-8b98-73b7f002356f;2025-11-01 19:26:30.820391+00;b2d56572-1486-4ba0-9a10-f2f270082895
6999f128-710a-4096-9d04-080f9e75780f;40328c42-b070-4eba-977d-544b28da794a;15;4308fad3-f271-48d8-8b98-73b7f002356f;2025-11-01 19:26:30.820391+00;b2d56572-1486-4ba0-9a10-f2f270082895
dcc127ed-ef02-4c6b-aa2e-aa0a95b814b5;40328c42-b070-4eba-977d-544b28da794a;16;4308fad3-f271-48d8-8b98-73b7f002356f;2025-11-01 19:26:30.820391+00;b2d56572-1486-4ba0-9a10-f2f270082895
8c6d8882-d10c-475c-a3c9-7084a7443c81;40328c42-b070-4eba-977d-544b28da794a;17;4308fad3-f271-48d8-8b98-73b7f002356f;2025-11-01 19:26:30.820391+00;b2d56572-1486-4ba0-9a10-f2f270082895
bc188b46-7b65-437d-9318-0ddef2fd9aa5;40328c42-b070-4eba-977d-544b28da794a;18;4308fad3-f271-48d8-8b98-73b7f002356f;2025-11-01 19:26:30.820391+00;b2d56572-1486-4ba0-9a10-f2f270082895
66852898-d778-4d70-bf38-9612384bcdac;40328c42-b070-4eba-977d-544b28da794a;19;4308fad3-f271-48d8-8b98-73b7f002356f;2025-11-01 19:26:30.820391+00;b2d56572-1486-4ba0-9a10-f2f270082895
b83fe0b6-9230-447d-897a-53b6c6318620;40328c42-b070-4eba-977d-544b28da794a;20;4308fad3-f271-48d8-8b98-73b7f002356f;2025-11-01 19:26:30.820391+00;b2d56572-1486-4ba0-9a10-f2f270082895
c92e38b2-14e7-4a53-8117-7e0457e796cd;40328c42-b070-4eba-977d-544b28da794a;21;4308fad3-f271-48d8-8b98-73b7f002356f;2025-11-01 19:26:30.820391+00;b2d56572-1486-4ba0-9a10-f2f270082895
8b389b62-8bba-41d0-91ab-a64811fc061a;40328c42-b070-4eba-977d-544b28da794a;22;4308fad3-f271-48d8-8b98-73b7f002356f;2025-11-01 19:26:30.820391+00;b2d56572-1486-4ba0-9a10-f2f270082895
e1495e35-9894-408a-8bfd-6294405aa4f7;40328c42-b070-4eba-977d-544b28da794a;23;4308fad3-f271-48d8-8b98-73b7f002356f;2025-11-01 19:26:30.820391+00;b2d56572-1486-4ba0-9a10-f2f270082895
9383a508-c384-4dfd-89a1-b05dd1a15a28;40328c42-b070-4eba-977d-544b28da794a;24;4308fad3-f271-48d8-8b98-73b7f002356f;2025-11-01 19:26:30.820391+00;b2d56572-1486-4ba0-9a10-f2f270082895
aef9c9bc-40b4-48fb-8078-6b54446d430f;40328c42-b070-4eba-977d-544b28da794a;25;4308fad3-f271-48d8-8b98-73b7f002356f;2025-11-01 19:26:30.820391+00;b2d56572-1486-4ba0-9a10-f2f270082895
e369da4c-5fb3-46dc-be16-be0f86a75e5a;40328c42-b070-4eba-977d-544b28da794a;26;4308fad3-f271-48d8-8b98-73b7f002356f;2025-11-01 19:26:30.820391+00;b2d56572-1486-4ba0-9a10-f2f270082895
dc232123-5703-4674-9d1c-19833c05f707;40328c42-b070-4eba-977d-544b28da794a;27;4308fad3-f271-48d8-8b98-73b7f002356f;2025-11-01 19:26:30.820391+00;b2d56572-1486-4ba0-9a10-f2f270082895
542ccd18-e25c-4731-ba9f-1f164c087a8b;40328c42-b070-4eba-977d-544b28da794a;28;4308fad3-f271-48d8-8b98-73b7f002356f;2025-11-01 19:26:30.820391+00;b2d56572-1486-4ba0-9a10-f2f270082895
60fb8971-87ea-48a1-8f03-50c2c7fcb650;40328c42-b070-4eba-977d-544b28da794a;29;4308fad3-f271-48d8-8b98-73b7f002356f;2025-11-01 19:26:30.820391+00;b2d56572-1486-4ba0-9a10-f2f270082895
3f9d4036-adac-4663-b5fb-81863253e3f9;40328c42-b070-4eba-977d-544b28da794a;30;4308fad3-f271-48d8-8b98-73b7f002356f;2025-11-01 19:26:30.820391+00;b2d56572-1486-4ba0-9a10-f2f270082895